<?xml version="1.0" encoding="utf-8"?>
<unattend xmlns="urn:schemas-microsoft-com:unattend">
    <settings pass="windowsPE">
        <component xmlns:wcm="http://schemas.microsoft.com/WMIConfig/2002/State" xmlns:xsi="http://www.w3.org/2001/XMLSchema-instance" name="Microsoft-Windows-International-Core-WinPE" processorArchitecture="amd64" publicKeyToken="31bf3856ad364e35" language="neutral" versionScope="nonSxS">
            <SetupUILanguage>
                <UILanguage>en-US</UILanguage>
            </SetupUILanguage>
            <InputLocale>en-US</InputLocale>
            <SystemLocale>en-US</SystemLocale>
            <UILanguage>en-US</UILanguage>
            <UILanguageFallback>en-US</UILanguageFallback>
            <UserLocale>en-US</UserLocale>
        </component>
        <component xmlns:wcm="http://schemas.microsoft.com/WMIConfig/2002/State" xmlns:xsi="http://www.w3.org/2001/XMLSchema-instance" name="Microsoft-Windows-Setup" processorArchitecture="amd64" publicKeyToken="31bf3856ad364e35" language="neutral" versionScope="nonSxS">
            <DiskConfiguration>
                <Disk wcm:action="add">
                    <CreatePartitions>
                        <CreatePartition wcm:action="add">
                            <Type>Primary</Type>
                            <Order>1</Order>
                            <Size>350</Size>
                        </CreatePartition>
                        <CreatePartition wcm:action="add">
                            <Order>2</Order>
                            <Type>Primary</Type>
                            <Extend>true</Extend>
                        </CreatePartition>
                    </CreatePartitions>
                    <ModifyPartitions>
                        <ModifyPartition wcm:action="add">
                            <Active>true</Active>
                            <Format>NTFS</Format>
                            <Label>boot</Label>
                            <Order>1</Order>
                            <PartitionID>1</PartitionID>
                        </ModifyPartition>
                        <ModifyPartition wcm:action="add">
                            <Format>NTFS</Format>
                            <Label>Windows 2012 R2</Label>
                            <Letter>C</Letter>
                            <Order>2</Order>
                            <PartitionID>2</PartitionID>
                        </ModifyPartition>
                    </ModifyPartitions>
                    <DiskID>0</DiskID>
                    <WillWipeDisk>true</WillWipeDisk>
                </Disk>
            </DiskConfiguration>
            <ImageInstall>
                <OSImage>
                    <InstallFrom>
                        <MetaData wcm:action="add">
                            <Key>/IMAGE/NAME </Key>
                            <Value>Hyper-V Server 2012 R2 SERVERHYPERCORE</Value>
                        </MetaData>
                    </InstallFrom>
                    <InstallTo>
                        <DiskID>0</DiskID>
                        <PartitionID>2</PartitionID>
                    </InstallTo>
                </OSImage>
            </ImageInstall>
            <UserData>
                <!-- Product Key from http://technet.microsoft.com/en-us/library/jj612867.aspx -->
                <ProductKey>
                    <!-- Do not uncomment the Key element if you are using trial ISOs -->
                    <!-- You must uncomment the Key element (and optionally insert your own key) if you are using retail or volume license ISOs -->
                    <!--<Key>D2N9P-3P6X9-2R39C-7RTCD-MDVJX</Key>-->
                    <WillShowUI>OnError</WillShowUI>
                </ProductKey>
                <AcceptEula>true</AcceptEula>
                <FullName>Vagrant</FullName>
                <Organization>Vagrant</Organization>
            </UserData>
        </component>
    </settings>
    <settings pass="specialize">
        <component xmlns:wcm="http://schemas.microsoft.com/WMIConfig/2002/State" xmlns:xsi="http://www.w3.org/2001/XMLSchema-instance" name="Microsoft-Windows-Shell-Setup" processorArchitecture="amd64" publicKeyToken="31bf3856ad364e35" language="neutral" versionScope="nonSxS">
            <OEMInformation>
                <HelpCustomized>false</HelpCustomized>
            </OEMInformation>
            <ComputerName>vagrant-2012-r2</ComputerName>
            <TimeZone>Pacific Standard Time</TimeZone>
            <RegisteredOwner/>
        </component>
        <component xmlns:wcm="http://schemas.microsoft.com/WMIConfig/2002/State" xmlns:xsi="http://www.w3.org/2001/XMLSchema-instance" name="Microsoft-Windows-ServerManager-SvrMgrNc" processorArchitecture="amd64" publicKeyToken="31bf3856ad364e35" language="neutral" versionScope="nonSxS">
            <DoNotOpenServerManagerAtLogon>true</DoNotOpenServerManagerAtLogon>
        </component>
        <component xmlns:wcm="http://schemas.microsoft.com/WMIConfig/2002/State" xmlns:xsi="http://www.w3.org/2001/XMLSchema-instance" name="Microsoft-Windows-IE-ESC" processorArchitecture="amd64" publicKeyToken="31bf3856ad364e35" language="neutral" versionScope="nonSxS">
            <IEHardenAdmin>false</IEHardenAdmin>
            <IEHardenUser>false</IEHardenUser>
        </component>
        <component xmlns:wcm="http://schemas.microsoft.com/WMIConfig/2002/State" xmlns:xsi="http://www.w3.org/2001/XMLSchema-instance" name="Microsoft-Windows-OutOfBoxExperience" processorArchitecture="amd64" publicKeyToken="31bf3856ad364e35" language="neutral" versionScope="nonSxS">
            <DoNotOpenInitialConfigurationTasksAtLogon>true</DoNotOpenInitialConfigurationTasksAtLogon>
        </component>
        <component xmlns:wcm="http://schemas.microsoft.com/WMIConfig/2002/State" xmlns:xsi="http://www.w3.org/2001/XMLSchema-instance" name="Microsoft-Windows-Security-SPP-UX" processorArchitecture="amd64" publicKeyToken="31bf3856ad364e35" language="neutral" versionScope="nonSxS">
            <SkipAutoActivation>true</SkipAutoActivation>
        </component>
    </settings>
    <settings pass="oobeSystem">
        <component xmlns:wcm="http://schemas.microsoft.com/WMIConfig/2002/State" xmlns:xsi="http://www.w3.org/2001/XMLSchema-instance" name="Microsoft-Windows-Shell-Setup" processorArchitecture="amd64" publicKeyToken="31bf3856ad364e35" language="neutral" versionScope="nonSxS">
            <AutoLogon>
                <Password>
                    <Value>vagrant</Value>
                    <PlainText>true</PlainText>
                </Password>
                <Enabled>true</Enabled>
                <Username>vagrant</Username>
            </AutoLogon>
            <FirstLogonCommands>
                <SynchronousCommand wcm:action="add">
                    <CommandLine>cmd.exe /c powershell -Command "Set-ExecutionPolicy -ExecutionPolicy RemoteSigned -Force"</CommandLine>
                    <Description>Set Execution Policy 64 Bit</Description>
                    <Order>1</Order>
                    <RequiresUserInput>true</RequiresUserInput>
                </SynchronousCommand>
                <SynchronousCommand wcm:action="add">
                    <CommandLine>C:\Windows\SysWOW64\cmd.exe /c powershell -Command "Set-ExecutionPolicy -ExecutionPolicy RemoteSigned -Force"</CommandLine>
                    <Description>Set Execution Policy 32 Bit</Description>
                    <Order>2</Order>
                    <RequiresUserInput>true</RequiresUserInput>
                </SynchronousCommand>
                <SynchronousCommand wcm:action="add">
                    <CommandLine>cmd.exe /c winrm quickconfig -q</CommandLine>
                    <Description>winrm quickconfig -q</Description>
                    <Order>3</Order>
                    <RequiresUserInput>true</RequiresUserInput>
                </SynchronousCommand>
                <SynchronousCommand wcm:action="add">
                    <CommandLine>cmd.exe /c winrm quickconfig -transport:http</CommandLine>
                    <Description>winrm quickconfig -transport:http</Description>
                    <Order>4</Order>
                    <RequiresUserInput>true</RequiresUserInput>
                </SynchronousCommand>
                <SynchronousCommand wcm:action="add">
                    <CommandLine>cmd.exe /c winrm set winrm/config @{MaxTimeoutms="1800000"}</CommandLine>
                    <Description>Win RM MaxTimoutms</Description>
                    <Order>5</Order>
                    <RequiresUserInput>true</RequiresUserInput>
                </SynchronousCommand>
                <SynchronousCommand wcm:action="add">
                    <CommandLine>cmd.exe /c winrm set winrm/config/winrs @{MaxMemoryPerShellMB="800"}</CommandLine>
                    <Description>Win RM MaxMemoryPerShellMB</Description>
                    <Order>6</Order>
                    <RequiresUserInput>true</RequiresUserInput>
                </SynchronousCommand>
                <SynchronousCommand wcm:action="add">
                    <CommandLine>cmd.exe /c winrm set winrm/config/service @{AllowUnencrypted="true"}</CommandLine>
                    <Description>Win RM AllowUnencrypted</Description>
                    <Order>7</Order>
                    <RequiresUserInput>true</RequiresUserInput>
                </SynchronousCommand>
                <SynchronousCommand wcm:action="add">
                    <CommandLine>cmd.exe /c winrm set winrm/config/service/auth @{Basic="true"}</CommandLine>
                    <Description>Win RM auth Basic</Description>
                    <Order>8</Order>
                    <RequiresUserInput>true</RequiresUserInput>
                </SynchronousCommand>
                <SynchronousCommand wcm:action="add">
                    <CommandLine>cmd.exe /c winrm set winrm/config/client/auth @{Basic="true"}</CommandLine>
                    <Description>Win RM client auth Basic</Description>
                    <Order>9</Order>
                    <RequiresUserInput>true</RequiresUserInput>
                </SynchronousCommand>
                <SynchronousCommand wcm:action="add">
                    <CommandLine>cmd.exe /c winrm set winrm/config/listener?Address=*+Transport=HTTP @{Port="5985"} </CommandLine>
                    <Description>Win RM listener Address/Port</Description>
                    <Order>10</Order>
                    <RequiresUserInput>true</RequiresUserInput>
                </SynchronousCommand>
                <SynchronousCommand wcm:action="add">
                    <CommandLine>cmd.exe /c netsh advfirewall firewall set rule group="remote administration" new enable=yes </CommandLine>
                    <Description>Win RM adv firewall enable</Description>
                    <Order>11</Order>
                    <RequiresUserInput>true</RequiresUserInput>
                </SynchronousCommand>
                <SynchronousCommand wcm:action="add">
                    <CommandLine>cmd.exe /c netsh firewall add portopening TCP 5985 "Port 5985" </CommandLine>
                    <Description>Win RM port open</Description>
                    <Order>12</Order>
                    <RequiresUserInput>true</RequiresUserInput>
                </SynchronousCommand>
                <SynchronousCommand wcm:action="add">
                    <CommandLine>cmd.exe /c net stop winrm </CommandLine>
                    <Description>Stop Win RM Service </Description>
                    <Order>13</Order>
                    <RequiresUserInput>true</RequiresUserInput>
                </SynchronousCommand>
                <SynchronousCommand wcm:action="add">
                    <CommandLine>cmd.exe /c sc config winrm start= auto</CommandLine>
                    <Description>Win RM Autostart</Description>
                    <Order>14</Order>
                    <RequiresUserInput>true</RequiresUserInput>
                </SynchronousCommand>
                <SynchronousCommand wcm:action="add">
                    <CommandLine>cmd.exe /c net start winrm</CommandLine>
                    <Description>Start Win RM Service</Description>
                    <Order>15</Order>
                    <RequiresUserInput>true</RequiresUserInput>
                </SynchronousCommand>
                <SynchronousCommand wcm:action="add">
                    <CommandLine>%SystemRoot%\System32\reg.exe ADD HKCU\SOFTWARE\Microsoft\Windows\CurrentVersion\Explorer\Advanced\ /v HideFileExt /t REG_DWORD /d 0 /f</CommandLine>
                    <Order>16</Order>
                    <Description>Show file extensions in Explorer</Description>
                </SynchronousCommand>
                <SynchronousCommand wcm:action="add">
                    <CommandLine>%SystemRoot%\System32\reg.exe ADD HKCU\Console /v QuickEdit /t REG_DWORD /d 1 /f</CommandLine>
                    <Order>17</Order>
                    <Description>Enable QuickEdit mode</Description>
                </SynchronousCommand>
                <SynchronousCommand wcm:action="add">
                    <CommandLine>%SystemRoot%\System32\reg.exe ADD HKCU\SOFTWARE\Microsoft\Windows\CurrentVersion\Explorer\Advanced\ /v Start_ShowRun /t REG_DWORD /d 1 /f</CommandLine>
                    <Order>18</Order>
                    <Description>Show Run command in Start Menu</Description>
                </SynchronousCommand>
                <SynchronousCommand wcm:action="add">
                    <CommandLine>%SystemRoot%\System32\reg.exe ADD HKCU\SOFTWARE\Microsoft\Windows\CurrentVersion\Explorer\Advanced\ /v StartMenuAdminTools /t REG_DWORD /d 1 /f</CommandLine>
                    <Order>19</Order>
                    <Description>Show Administrative Tools in Start Menu</Description>
                </SynchronousCommand>
                <SynchronousCommand wcm:action="add">
                    <CommandLine>%SystemRoot%\System32\reg.exe ADD HKLM\SYSTEM\CurrentControlSet\Control\Power\ /v HibernateFileSizePercent /t REG_DWORD /d 0 /f</CommandLine>
                    <Order>20</Order>
                    <Description>Zero Hibernation File</Description>
                </SynchronousCommand>
                <SynchronousCommand wcm:action="add">
                    <CommandLine>%SystemRoot%\System32\reg.exe ADD HKLM\SYSTEM\CurrentControlSet\Control\Power\ /v HibernateEnabled /t REG_DWORD /d 0 /f</CommandLine>
                    <Order>21</Order>
                    <Description>Disable Hibernation Mode</Description>
                </SynchronousCommand>
                <SynchronousCommand wcm:action="add">
                    <CommandLine>cmd.exe /c wmic useraccount where "name='vagrant'" set PasswordExpires=FALSE</CommandLine>
                    <Order>22</Order>
                    <Description>Disable password expiration for vagrant user</Description>
                </SynchronousCommand>
                <!-- WITHOUT WINDOWS UPDATES -->
                <!--
                <SynchronousCommand wcm:action="add">
                    <CommandLine>cmd.exe /c C:\Windows\System32\WindowsPowerShell\v1.0\powershell.exe -File a:\openssh.ps1 -AutoStart</CommandLine>
                    <Description>Install OpenSSH</Description>
                    <Order>99</Order>
                    <RequiresUserInput>true</RequiresUserInput>
                </SynchronousCommand>
                -->
                <!-- END WITHOUT WINDOWS UPDATES -->
                <!-- WITH WINDOWS UPDATES -->
                <SynchronousCommand wcm:action="add">
                    <CommandLine>cmd.exe /c a:\microsoft-updates.bat</CommandLine>
                    <Order>98</Order>
                    <Description>Enable Microsoft Updates</Description>
                </SynchronousCommand>
                <SynchronousCommand wcm:action="add">
                    <CommandLine>cmd.exe /c C:\Windows\System32\WindowsPowerShell\v1.0\powershell.exe -File a:\win-updates.ps1</CommandLine>
                    <Description>Install Windows Updates</Description>
                    <Order>100</Order>
                    <RequiresUserInput>true</RequiresUserInput>
                </SynchronousCommand>
                <!-- END WITH WINDOWS UPDATES -->
            </FirstLogonCommands>
            <OOBE>
                <HideEULAPage>true</HideEULAPage>
                <HideLocalAccountScreen>true</HideLocalAccountScreen>
                <HideOEMRegistrationScreen>true</HideOEMRegistrationScreen>
                <HideOnlineAccountScreens>true</HideOnlineAccountScreens>
                <HideWirelessSetupInOOBE>true</HideWirelessSetupInOOBE>
                <NetworkLocation>Home</NetworkLocation>
                <ProtectYourPC>1</ProtectYourPC>
            </OOBE>
            <UserAccounts>
                <AdministratorPassword>
                    <Value>vagrant</Value>
                    <PlainText>true</PlainText>
                </AdministratorPassword>
                <LocalAccounts>
                    <LocalAccount wcm:action="add">
                        <Password>
                            <Value>vagrant</Value>
                            <PlainText>true</PlainText>
                        </Password>
                        <Group>administrators</Group>
                        <DisplayName>Vagrant</DisplayName>
                        <Name>vagrant</Name>
                        <Description>Vagrant User</Description>
                    </LocalAccount>
                </LocalAccounts>
            </UserAccounts>
            <RegisteredOwner/>
        </component>
    </settings>
    <settings pass="offlineServicing">
        <component xmlns:wcm="http://schemas.microsoft.com/WMIConfig/2002/State" xmlns:xsi="http://www.w3.org/2001/XMLSchema-instance" name="Microsoft-Windows-LUA-Settings" processorArchitecture="amd64" publicKeyToken="31bf3856ad364e35" language="neutral" versionScope="nonSxS">
            <EnableLUA>false</EnableLUA>
        </component>
    </settings>
    <cpi:offlineImage xmlns:cpi="urn:schemas-microsoft-com:cpi" cpi:source="wim:c:/wim/install.wim#Windows Server 2012 R2 SERVERSTANDARD"/>
</unattend>
