<?xml version="1.0" encoding="utf-8"?>
<unattend xmlns="urn:schemas-microsoft-com:unattend">
    <servicing/>
    <settings pass="windowsPE">
        <component xmlns:wcm="http://schemas.microsoft.com/WMIConfig/2002/State" xmlns:xsi="http://www.w3.org/2001/XMLSchema-instance" name="Microsoft-Windows-Setup" processorArchitecture="amd64" publicKeyToken="31bf3856ad364e35" language="neutral" versionScope="nonSxS">
            <DiskConfiguration>
                <Disk wcm:action="add">
                    <CreatePartitions>
                        <CreatePartition wcm:action="add">
                            <Order>1</Order>
                            <Type>Primary</Type>
                            <Extend>true</Extend>
                        </CreatePartition>
                    </CreatePartitions>
                    <ModifyPartitions>
                        <ModifyPartition wcm:action="add">
                            <Extend>false</Extend>
                            <Format>NTFS</Format>
                            <Letter>C</Letter>
                            <Order>1</Order>
                            <PartitionID>1</PartitionID>
                            <Label>Windows 7</Label>
                        </ModifyPartition>
                    </ModifyPartitions>
                    <DiskID>0</DiskID>
                    <WillWipeDisk>true</WillWipeDisk>
                </Disk>
                <WillShowUI>OnError</WillShowUI>
            </DiskConfiguration>
            <UserData>
                <AcceptEula>true</AcceptEula>
                <FullName>Administrator</FullName>
                <Organization>Administrator Inc.</Organization>
                <!-- Product Key from http://technet.microsoft.com/en-us/library/jj612867.aspx -->
                <ProductKey>
                    <!-- Do not uncomment the Key element if you are using trial ISOs -->
                    <!-- You must uncomment the Key element (and optionally insert your own key) if you are using retail or volume license ISOs -->
                    <!--<Key>33PXH-7Y6KF-2VJC9-XBBR8-HVTHH</Key>-->
                    <WillShowUI>Never</WillShowUI>
                </ProductKey>
            </UserData>
            <ImageInstall>
                <OSImage>
                    <InstallTo>
                        <DiskID>0</DiskID>
                        <PartitionID>1</PartitionID>
                    </InstallTo>
                    <WillShowUI>OnError</WillShowUI>
                    <InstallToAvailablePartition>false</InstallToAvailablePartition>
                    <InstallFrom>
                        <MetaData wcm:action="add">
                            <Key>/IMAGE/NAME</Key>
                            <Value>Windows 7 Professional</Value>
                        </MetaData>
                    </InstallFrom>
                </OSImage>
            </ImageInstall>
        </component>
        <component xmlns:wcm="http://schemas.microsoft.com/WMIConfig/2002/State" xmlns:xsi="http://www.w3.org/2001/XMLSchema-instance" name="Microsoft-Windows-International-Core-WinPE" processorArchitecture="amd64" publicKeyToken="31bf3856ad364e35" language="neutral" versionScope="nonSxS">
            <SetupUILanguage>
                <UILanguage>en-US</UILanguage>
            </SetupUILanguage>
            <InputLocale>en-US</InputLocale>
            <SystemLocale>en-US</SystemLocale>
            <UILanguage>en-US</UILanguage>
            <UILanguageFallback>en-US</UILanguageFallback>
            <UserLocale>en-US</UserLocale>
        </component>
    </settings>
    <settings pass="offlineServicing">
        <component name="Microsoft-Windows-LUA-Settings" processorArchitecture="amd64" publicKeyToken="31bf3856ad364e35" language="neutral" versionScope="nonSxS">
            <EnableLUA>false</EnableLUA>
        </component>
    </settings>
    <settings pass="oobeSystem">
        <component xmlns:wcm="http://schemas.microsoft.com/WMIConfig/2002/State" xmlns:xsi="http://www.w3.org/2001/XMLSchema-instance" name="Microsoft-Windows-Shell-Setup" processorArchitecture="amd64" publicKeyToken="31bf3856ad364e35" language="neutral" versionScope="nonSxS">
            <UserAccounts>
                <AdministratorPassword>
                    <Value>raid4us!</Value>
                    <PlainText>true</PlainText>
                </AdministratorPassword>
                <LocalAccounts>
                    <LocalAccount wcm:action="add">
                        <Password>
                            <Value>raid4us!</Value>
                            <PlainText>true</PlainText>
                        </Password>
                        <Description>Administrator</Description>
                        <DisplayName>Administrator</DisplayName>
                        <Group>administrators</Group>
                        <Name>Administrator</Name>
                    </LocalAccount>
                </LocalAccounts>
            </UserAccounts>
            <OOBE>
                <HideEULAPage>true</HideEULAPage>
                <HideWirelessSetupInOOBE>true</HideWirelessSetupInOOBE>
                <NetworkLocation>Home</NetworkLocation>
                <ProtectYourPC>1</ProtectYourPC>
            </OOBE>
            <AutoLogon>
                <Password>
                    <Value>raid4us!</Value>
                    <PlainText>true</PlainText>
                </Password>
                <Username>Administrator</Username>
                <Enabled>true</Enabled>
            </AutoLogon>
            <FirstLogonCommands>
                <SynchronousCommand wcm:action="add">
                    <CommandLine>cmd.exe /c powershell -Command "Set-ExecutionPolicy -ExecutionPolicy RemoteSigned -Force"</CommandLine>
                    <Description>Set Execution Policy 64 Bit</Description>
                    <Order>1</Order>
                    <RequiresUserInput>true</RequiresUserInput>
                </SynchronousCommand>
                <SynchronousCommand wcm:action="add">
                    <CommandLine>C:\Windows\SysWOW64\cmd.exe /c powershell -Command "Set-ExecutionPolicy -ExecutionPolicy RemoteSigned -Force"</CommandLine>
                    <Description>Set Execution Policy 32 Bit</Description>
                    <Order>2</Order>
                    <RequiresUserInput>true</RequiresUserInput>
                </SynchronousCommand>
                <SynchronousCommand wcm:action="add">
                    <CommandLine>cmd.exe /c winrm quickconfig -q</CommandLine>
                    <Description>winrm quickconfig -q</Description>
                    <Order>3</Order>
                    <RequiresUserInput>true</RequiresUserInput>
                </SynchronousCommand>
                <SynchronousCommand wcm:action="add">
                    <CommandLine>cmd.exe /c winrm quickconfig -transport:http</CommandLine>
                    <Description>winrm quickconfig -transport:http</Description>
                    <Order>4</Order>
                    <RequiresUserInput>true</RequiresUserInput>
                </SynchronousCommand>
                <SynchronousCommand wcm:action="add">
                    <CommandLine>cmd.exe /c winrm set winrm/config @{MaxTimeoutms="1800000"}</CommandLine>
                    <Description>Win RM MaxTimoutms</Description>
                    <Order>5</Order>
                    <RequiresUserInput>true</RequiresUserInput>
                </SynchronousCommand>
                <SynchronousCommand wcm:action="add">
                    <CommandLine>cmd.exe /c winrm set winrm/config/winrs @{MaxMemoryPerShellMB="800"}</CommandLine>
                    <Description>Win RM MaxMemoryPerShellMB</Description>
                    <Order>6</Order>
                    <RequiresUserInput>true</RequiresUserInput>
                </SynchronousCommand>
                <SynchronousCommand wcm:action="add">
                    <CommandLine>cmd.exe /c winrm set winrm/config/service @{AllowUnencrypted="true"}</CommandLine>
                    <Description>Win RM AllowUnencrypted</Description>
                    <Order>7</Order>
                    <RequiresUserInput>true</RequiresUserInput>
                </SynchronousCommand>
                <SynchronousCommand wcm:action="add">
                    <CommandLine>cmd.exe /c winrm set winrm/config/service/auth @{Basic="true"}</CommandLine>
                    <Description>Win RM auth Basic</Description>
                    <Order>8</Order>
                    <RequiresUserInput>true</RequiresUserInput>
                </SynchronousCommand>
                <SynchronousCommand wcm:action="add">
                    <CommandLine>cmd.exe /c winrm set winrm/config/client/auth @{Basic="true"}</CommandLine>
                    <Description>Win RM client auth Basic</Description>
                    <Order>9</Order>
                    <RequiresUserInput>true</RequiresUserInput>
                </SynchronousCommand>
                <SynchronousCommand wcm:action="add">
                    <CommandLine>cmd.exe /c winrm set winrm/config/listener?Address=*+Transport=HTTP @{Port="5985"} </CommandLine>
                    <Description>Win RM listener Address/Port</Description>
                    <Order>10</Order>
                    <RequiresUserInput>true</RequiresUserInput>
                </SynchronousCommand>
                <SynchronousCommand wcm:action="add">
                    <CommandLine>cmd.exe /c netsh advfirewall firewall set rule group="remote administration" new enable=yes </CommandLine>
                    <Description>Win RM adv firewall enable</Description>
                    <Order>11</Order>
                    <RequiresUserInput>true</RequiresUserInput>
                </SynchronousCommand>
                <SynchronousCommand wcm:action="add">
                    <CommandLine>cmd.exe /c netsh firewall add portopening TCP 5985 "Port 5985" </CommandLine>
                    <Description>Win RM port open</Description>
                    <Order>12</Order>
                    <RequiresUserInput>true</RequiresUserInput>
                </SynchronousCommand>
                <SynchronousCommand wcm:action="add">
                    <CommandLine>cmd.exe /c net stop winrm </CommandLine>
                    <Description>Stop Win RM Service </Description>
                    <Order>13</Order>
                    <RequiresUserInput>true</RequiresUserInput>
                </SynchronousCommand>
                <SynchronousCommand wcm:action="add">
                    <CommandLine>cmd.exe /c sc config winrm start= auto</CommandLine>
                    <Description>Win RM Autostart</Description>
                    <Order>14</Order>
                    <RequiresUserInput>true</RequiresUserInput>
                </SynchronousCommand>
                <SynchronousCommand wcm:action="add">
                    <CommandLine>cmd.exe /c net start winrm</CommandLine>
                    <Description>Start Win RM Service</Description>
                    <Order>15</Order>
                    <RequiresUserInput>true</RequiresUserInput>
                </SynchronousCommand>
                <SynchronousCommand wcm:action="add">
                    <CommandLine>%SystemRoot%\System32\reg.exe ADD HKCU\SOFTWARE\Microsoft\Windows\CurrentVersion\Explorer\Advanced\ /v HideFileExt /t REG_DWORD /d 0 /f</CommandLine>
                    <Order>16</Order>
                    <Description>Show file extensions in Explorer</Description>
                </SynchronousCommand>
                <SynchronousCommand wcm:action="add">
                    <CommandLine>%SystemRoot%\System32\reg.exe ADD HKCU\Console /v QuickEdit /t REG_DWORD /d 1 /f</CommandLine>
                    <Order>17</Order>
                    <Description>Enable QuickEdit mode</Description>
                </SynchronousCommand>
                <SynchronousCommand wcm:action="add">
                    <CommandLine>%SystemRoot%\System32\reg.exe ADD HKCU\SOFTWARE\Microsoft\Windows\CurrentVersion\Explorer\Advanced\ /v Start_ShowRun /t REG_DWORD /d 1 /f</CommandLine>
                    <Order>18</Order>
                    <Description>Show Run command in Start Menu</Description>
                </SynchronousCommand>
                <SynchronousCommand wcm:action="add">
                    <CommandLine>%SystemRoot%\System32\reg.exe ADD HKCU\SOFTWARE\Microsoft\Windows\CurrentVersion\Explorer\Advanced\ /v StartMenuAdminTools /t REG_DWORD /d 1 /f</CommandLine>
                    <Order>19</Order>
                    <Description>Show Administrative Tools in Start Menu</Description>
                </SynchronousCommand>
                <SynchronousCommand wcm:action="add">
                    <CommandLine>%SystemRoot%\System32\reg.exe ADD HKLM\SYSTEM\CurrentControlSet\Control\Power\ /v HibernateFileSizePercent /t REG_DWORD /d 0 /f</CommandLine>
                    <Order>20</Order>
                    <Description>Zero Hibernation File</Description>
                </SynchronousCommand>
                <SynchronousCommand wcm:action="add">
                    <CommandLine>%SystemRoot%\System32\reg.exe ADD HKLM\SYSTEM\CurrentControlSet\Control\Power\ /v HibernateEnabled /t REG_DWORD /d 0 /f</CommandLine>
                    <Order>21</Order>
                    <Description>Disable Hibernation Mode</Description>
                </SynchronousCommand>
                <SynchronousCommand wcm:action="add">
                    <CommandLine>cmd.exe /c wmic useraccount where "name='Administrator'" set PasswordExpires=FALSE</CommandLine>
                    <Order>22</Order>
                    <Description>Disable password expiration for Administrator user</Description>
                </SynchronousCommand>
				<!--IP set -->
				<SynchronousCommand wcm:action="add">
                    <CommandLine>cmd.exe /c netsh interface ipv4 set address name="Local Area Connection" static 192.168.95.129 255.255.254.0 192.168.64.3</CommandLine>
                    <Order>23</Order>
                    <Description>IP set Administrator user</Description>
                </SynchronousCommand>
				<!--DNS set -->
				<SynchronousCommand wcm:action="add">
                    <CommandLine>cmd.exe /c netsh interface ipv4 add dnsserver "Local Area Connection" address=10.250.240.4 index=1</CommandLine>
                    <Order>24</Order>
                    <Description>DNS set Administrator user</Description>
                </SynchronousCommand>
				<SynchronousCommand wcm:action="add">
                    <CommandLine>cmd.exe /c copy "a:\mountshare.bat" "C:\Users\Administrator\AppData\Roaming\Microsoft\Windows\Start Menu\Programs\Startup\mountshare.bat"</CommandLine>
                    <Order>25</Order>
                    <Description>Copy bat file to startup</Description>
                </SynchronousCommand>
				<SynchronousCommand wcm:action="add">
                    <CommandLine>cmd.exe /c copy a:\mountshare.ps1 "C:\mountshare.ps1" </CommandLine>
                    <Order>26</Order>
                    <Description>Copy bat file to startup</Description>
                </SynchronousCommand>
				<SynchronousCommand wcm:action="add">
                    <CommandLine>cmd.exe /c powercfg -change -monitor-timeout-ac 0</CommandLine>
                    <Description>Set turn off display setting to never</Description>
                    <Order>27</Order>
                </SynchronousCommand>
				<SynchronousCommand wcm:action="add">
                    <CommandLine>cmd.exe /c copy a:\agentinstalletion.ps1 "C:\agentinstalletion.ps1" </CommandLine>
                    <Order>28</Order>
                    <Description>Copy bat file agentinstalletion</Description>
                </SynchronousCommand>
				<SynchronousCommand wcm:action="add">
                    <CommandLine>cmd.exe /c powercfg -change -standby-timeout-ac 0</CommandLine>
                    <Description>Set Sleep display setting to never</Description>
                    <Order>30</Order>
                </SynchronousCommand>
				<SynchronousCommand wcm:action="add">
                    <CommandLine>cmd.exe /c a:\hotfix-KB3102810.bat</CommandLine>
                    <Order>97</Order>
                    <Description>Install Windows Update Hotfix (KB3102810)</Description>
                </SynchronousCommand>
                <SynchronousCommand wcm:action="add">
                    <CommandLine>cmd.exe /c a:\microsoft-updates.bat</CommandLine>
                    <Order>99</Order>
                    <Description>Enable Microsoft Updates</Description>
                </SynchronousCommand>
                <SynchronousCommand wcm:action="add">
                    <CommandLine>cmd.exe /c C:\Windows\System32\WindowsPowerShell\v1.0\powershell.exe -File a:\win-updates.ps1</CommandLine>
                    <Description>Install Windows Updates</Description>
                    <Order>100</Order>
                    <RequiresUserInput>true</RequiresUserInput>
                </SynchronousCommand>
				<SynchronousCommand wcm:action="add">
                    <CommandLine>cmd.exe /c C:\Windows\System32\WindowsPowerShell\v1.0\powershell.exe -File a:\sharemount.ps1 </CommandLine>
                    <Description>Mount share</Description>
                    <Order>101</Order>
                    <RequiresUserInput>true</RequiresUserInput>
                </SynchronousCommand>
                <SynchronousCommand wcm:action="add">
                    <CommandLine>cmd.exe /c C:\Windows\System32\WindowsPowerShell\v1.0\powershell.exe -File a:\openssh.ps1 -AutoStart</CommandLine>
                    <Description>Install OpenSSH</Description>
                    <Order>102</Order>
                    <RequiresUserInput>true</RequiresUserInput>
                </SynchronousCommand>
            </FirstLogonCommands>
            <ShowWindowsLive>false</ShowWindowsLive>
        </component>
    </settings>
    <settings pass="specialize">
        <component name="Microsoft-Windows-Shell-Setup" processorArchitecture="amd64" publicKeyToken="31bf3856ad364e35" language="neutral" versionScope="nonSxS">
            <OEMInformation>
                <HelpCustomized>false</HelpCustomized>
            </OEMInformation>
            <!-- Rename computer here. -->
            <ComputerName>Packer-7-x64</ComputerName>
            <TimeZone>Pacific Standard Time</TimeZone>
            <RegisteredOwner/>
        </component>
        <component xmlns:wcm="http://schemas.microsoft.com/WMIConfig/2002/State" xmlns:xsi="http://www.w3.org/2001/XMLSchema-instance" name="Microsoft-Windows-Security-SPP-UX" processorArchitecture="amd64" publicKeyToken="31bf3856ad364e35" language="neutral" versionScope="nonSxS">
            <SkipAutoActivation>true</SkipAutoActivation>
        </component>
    </settings>
    <cpi:offlineImage xmlns:cpi="urn:schemas-microsoft-com:cpi" cpi:source="catalog:d:/sources/install_windows 7 ENTERPRISE.clg"/>
</unattend>
